{
	"FFlagHandleAltEnterFullscreenManually": "False",
    "FFlagTaskSchedulerLimitTargetFpsTo2402": "False",
    "DFIntTaskSchedulerTargetFps": "9999",
	"FIntGrassMovementReducedMotionFactor": "0",
	"FFlagRenderNoLowFrmBloom": "False",
	"DFFlagDebugRenderForceTechnologyVoxel": "True",
	"DFFlagDebugPauseVoxelizer": "True",
	"FFlagDisablePostFx": "True",
	"FFlagFastGPULightCulling3": "True",
	"FIntFRMMinGrassDistance": "0",
    "FIntFRMMaxGrassDistance": "0",
    "FIntRenderGrassDetailStrands": "0",
	"FIntDebugForceMSAASamples": "0",
    "FFlagDebugDisableTelemetryEphemeralCounter": "True",
    "FFlagDebugDisableTelemetryEphemeralStat": "True",
    "FFlagDebugDisableTelemetryEventIngest": "True",
    "FFlagDebugDisableTelemetryPoint": "True",
    "FFlagDebugDisableTelemetryV2Counter": "True",
    "FFlagDebugDisableTelemetryV2Event": "True",
    "FFlagDebugDisableTelemetryV2Stat": "True",
	"FFlagAdServiceEnabled": "False",
	"FFlagEnableQuickGameLaunch": "True",
    "DFIntNumAssetsMaxToPreload": "9999999",
    "DFIntAssetPreloading": "9999999",
    "FFlagDebugCheckRenderThreading": "True",
    "FFlagRenderDebugCheckThreading2": "True",
	"FFlagRenderDynamicResolutionScale12": "True",
	"FFlagDebugSkyGray": "True",
	"DFIntCSGLevelOfDetailSwitchingDistance": "0",
    "DFIntCSGLevelOfDetailSwitchingDistanceL12": "0",
    "DFIntCSGLevelOfDetailSwitchingDistanceL23": "0",
    "DFIntCSGLevelOfDetailSwitchingDistanceL34": "0",
	"FIntDebugTextureManagerSkipMips": "8"
}